http://amzn.com/B0037KLHOI;The Cheerful Nest
http://amzn.com/B003C1Q2MO;TwoTheMaxSales
http://amzn.com/B003TJAG9Y;DealsHQ
http://amzn.com/B003V76I78;The Fisherman's Store
http://amzn.com/B0040I9UCM;Express Health
http://amzn.com/B0040QYL4Q;Susie's Selections
http://amzn.com/B004329L06;Zhou Nutrition
http://amzn.com/B0047AXCIG;88 Market Street
http://amzn.com/B0049HAE60;The Recreation
http://amzn.com/B004DY4RJE;Best Brands Toys
http://amzn.com/B004F37S4E;All Sports N Jerseys
http://amzn.com/B004G5YHFY;TyKel's Things
http://amzn.com/B004G81TJS;Pappy's Toy Shop
http://amzn.com/B004K6LTAA;EzAz, Inc
http://amzn.com/B004K6LTFU;Loblolly Girl
http://amzn.com/B004LE8TE0;Robin's Reads Decor & More
http://amzn.com/B004OUJ56W;Amazzia
http://amzn.com/B004XI8RDM;Great Prime Seller
http://amzn.com/B004XYA3I8;Apple Princess
http://amzn.com/B004XZR3J4;Eden's Closet Treasures
http://amzn.com/B004Y428LM;BuySend US
http://amzn.com/B004Y7WTC2;Haley's Boutique
http://amzn.com/B00517TMIS;BABY CARRIERS & SLINGS USA
http://amzn.com/B0052UCQ1Y;Totally Thomas
http://amzn.com/B005AZI1S8;Rokbargins Corp.
http://amzn.com/B005ELQ4LO;insight57
http://amzn.com/B005EURUD6;Sens8tional Savings
http://amzn.com/B005H8HRAQ;Amber Trading Inc
http://amzn.com/B005L9ZC76;JACOB'S
http://amzn.com/B005M9H2MI;StoreBros
http://amzn.com/B005QUQC24;Marisol Caraballo
http://amzn.com/B006077744;JustKidsStore
http://amzn.com/B0060G35KU;Quality Products at Affordable Prices
http://amzn.com/B006503WPE;yourstore4less
http://amzn.com/B006FQQL56;IntoVerde
http://amzn.com/B006KXMXW4;Marie Hope
http://amzn.com/B006PH2KN2;excellent organics and more
http://amzn.com/B006PY79B8;Ricco's Dealz
http://amzn.com/B006W1M7EI;Prestige Merchandise LLC
http://amzn.com/B0071NPQJE;ONLINE JAPAN SHOP
http://amzn.com/B0073IPW8W;We've Got You covered
http://amzn.com/B0074D0NUI;YOURBABYSHOP
http://amzn.com/B0075XL7V6;24hrs Deals
http://amzn.com/B007D6H3MW;allabouttheitem
http://amzn.com/B007GNSHDQ;Luna Blue Children's Boutique
http://amzn.com/B007IVVIZU;Toyequities
http://amzn.com/B007RI8PRS;Useful Universe
http://amzn.com/B007UPG8SG;Wares City
http://amzn.com/B007VT3US2;Square Deal Recordings&Supplies
http://amzn.com/B007WELVF0;Silver Creek Commerce
http://amzn.com/B00840L84A;Bagillions
http://amzn.com/B00853V7EW;Shades of Utopia Games & Sundry
http://amzn.com/B00853YPW8;Markham Capital
http://amzn.com/B00863F2ZG;FineAnDainty
http://amzn.com/B00883NZNK;nfhn_stuff
http://amzn.com/B0088HUNHC;Clique Deals
http://amzn.com/B008EPRACY;Brooklyn Viking Enterprises
http://amzn.com/B008F8MTW6;PJM SALES
http://amzn.com/B008FR83V8;Merry Collector
http://amzn.com/B008FZUNYK;What America Buys
http://amzn.com/B008G1VJXC;Glencor Enterprises Inc.
http://amzn.com/B008GFJVLU;M & M Marketplace
http://amzn.com/B008I9HLIY;JayBee's Toys & Much More!
http://amzn.com/B008I9HM56;LorCo Products
http://amzn.com/B008MC1GW4;FLOPPY PRODUCTS INC
http://amzn.com/B008SV7TTI;VIKSTER
http://amzn.com/B008XLJRTS;thevogzbusiness
http://amzn.com/B008XLWCR2;Huggalugs USA
http://amzn.com/B008YZ25VA;CLE Supply
http://amzn.com/B008ZY5256;Immanuel's Joy
http://amzn.com/B0091P5TPG;Royal Premier Distributing
http://amzn.com/B00928JIYK;Carol's best deals sale
http://amzn.com/B0092IECS2;Green Stuff Only
http://amzn.com/B0095X7DU8;RTE Enterprises
http://amzn.com/B0099LO34K;WaGokoro Japan
http://amzn.com/B009EDSIHQ;Baby Kids Bargains
http://amzn.com/B009HX6DKM;AM Online Sales
http://amzn.com/B009QSF9TY;Funkoos Inc
http://amzn.com/B009UYASS6;Katrina's Stuff
http://amzn.com/B009XLKU4I;Kyutie
http://amzn.com/B00A0P8ZPC;Bargain-Master
http://amzn.com/B00A34RPM4;BLOOMYSHOP
http://amzn.com/B00A3884ZM;Bourbon City Outfitters
http://amzn.com/B00A6SM4HS;732dtf
http://amzn.com/B00ADK1YA2;Watts Up Online
http://amzn.com/B00ADMJM9K;Happy Family Clothing
http://amzn.com/B00ALYNJQ2;RVR Products
http://amzn.com/B00ANDO8V6;PaperlessKitchen
http://amzn.com/B00AOQ9QJQ;Toys & Gifts Galore
http://amzn.com/B00ASK7OUG;Bargain Quest
http://amzn.com/B00ASK7SKC;buyzoneusa
http://amzn.com/B00AUOZ3AI;jbk_enterprises
http://amzn.com/B00AUYY58O;JS Mart
http://amzn.com/B00AY5BCYY;Fareskind
http://amzn.com/B00AYZQA6O;VL Shipments
http://amzn.com/B00B1YQTZY;Happy and Healthy
http://amzn.com/B00B5LYARC;Media Fiore
http://amzn.com/B00B91OR5S;JACKSANLULU
http://amzn.com/B00B9FI3SQ;MP Brands
http://amzn.com/B00B9IPX4K;easesell
http://amzn.com/B00BA4QFDQ;Sweetly You
http://amzn.com/B00BD6U4V0;jnunez1025
http://amzn.com/B00BG7IW5G;UnlimitedBaby
http://amzn.com/B00BGE3JWU;Perfect Corners Collectibles
http://amzn.com/B00BH0MULE;jgrear1990
http://amzn.com/B00BH0P7LE;XL DEALZ
http://amzn.com/B00BHKDR70;Bosom Buddies
http://amzn.com/B00BI12HNI;Earth's Supply Specialties
http://amzn.com/B00BUPJPY6;Piece of Cake Sales
http://amzn.com/B00BV0EOEQ;SD SUPPLIES
http://amzn.com/B00BV0EPS6;33 North Trading Company
http://amzn.com/B00BXS6JJO;Gold Land
http://amzn.com/B00BZAMRQY;Windtree Warehouse Deals
http://amzn.com/B00BZANIC6;Niteowl Sales LLC
http://amzn.com/B00C03I638;AmiAmigos
http://amzn.com/B00C1AJBUM;Colic Calm
http://amzn.com/B00C7VYJAM;Henderson and Mathis LLC
http://amzn.com/B00CA78B8O;Beco (USA)
http://amzn.com/B00CRNYLMG;The Baby's Den
http://amzn.com/B00CS7ZNQ4;DNL Housewares & Gifts
http://amzn.com/B00CXVHGUG;BNM Etcetera
http://amzn.com/B00CXVIPE2;ThisAndThatTGC
http://amzn.com/B00CXVJ2YO;zabrst
http://amzn.com/B00CXVP7UM;Integrity Supply
http://amzn.com/B00CYM1KEW;Troup's Gifts
http://amzn.com/B00CYSB70I;American Closeouts
http://amzn.com/B00D43DFHK;BuyersPrice
http://amzn.com/B00D43EBVY;Van De Lay Industries
http://amzn.com/B00D4981NM;Southern Mint Shop LLC
http://amzn.com/B00D4EJG5O;Good Earth Beauty
http://amzn.com/B00D8IQZ96;accessoryzone
http://amzn.com/B00D9XCLWU;Hauck US
http://amzn.com/B00DC79WYI;ToyzlesPlus
http://amzn.com/B00DJ5MN08;Global goods
http://amzn.com/B00DN3JKC0;Gift And Toy Bazaar
http://amzn.com/B00DN3JM1Y;Fulton DS
http://amzn.com/B00DR4V2XU;ToyWorld
http://amzn.com/B00DRKGEVY;Awesome Discounts & Deals
http://amzn.com/B00DYXRDBY;Hey Bride
http://amzn.com/B00E5LY5VU;Go 2 Girl
http://amzn.com/B00E5LY9PW;JFK Trading
http://amzn.com/B00E5LY9Y8;Choice Plus
http://amzn.com/B00E84R76O;TJA Time
http://amzn.com/B00ED2XQDE;VeloSTAR
http://amzn.com/B00ED9F77U;upup365
http://amzn.com/B00EO5WEDI;Cotton States Trading Co.
http://amzn.com/B00ETB9A52;FrankZ
http://amzn.com/B00ETBF812;Team Novelties Collection
http://amzn.com/B00EZB0TQA;B&Z Trading
http://amzn.com/B00EZWQ102;ARK Toys & More
http://amzn.com/B00F4ELX5I;stores123
http://amzn.com/B00FB5W48U;UnikFindz
http://amzn.com/B00FEB3GA6;Comicfs
http://amzn.com/B00FEYJLCK;Liwoo Living
http://amzn.com/B00FGFLDLY;TRUE web DEALS
http://amzn.com/B00FKJ31PM;A4893888
http://amzn.com/B00FKLDM68;Fudgy's Clothing
http://amzn.com/B00FOXRMGI;Hazelaid
http://amzn.com/B00FQ6ZBWK;kikiqia
http://amzn.com/B00FY4QT5C;Kapok Brands
http://amzn.com/B00FYCVNGY;WhiskeyWalrus
http://amzn.com/B00FZ48TNG;TRI-SECURE CITY
http://amzn.com/B00G3K23SI;Bayougames
http://amzn.com/B00GBDFVR2;Cowabunga Co.
http://amzn.com/B00GFR3M8E;AOMA DEALS
http://amzn.com/B00GHUHNL6;Coordilife
http://amzn.com/B00GMZYD5K;E shop
http://amzn.com/B00GN5F5HO;Genda 2Archer
http://amzn.com/B00GOA0U0U;kakao friends
http://amzn.com/B00GPZW764;Rosie Posie Shop
http://amzn.com/B00GS86FY8;Global and Local Products
http://amzn.com/B00GW7DLAQ;Sun Spirit Living
http://amzn.com/B00GW7JJVG;TarBaby Treasures
http://amzn.com/B00H3PCBNO;Offsettype
http://amzn.com/B00H89J430;Home & Wall Decor
http://amzn.com/B00HAFT4EQ;Manuel Venture Partners
http://amzn.com/B00HF3Y100;ECOSUSI INC
http://amzn.com/B00HFER5V6;TJM Sellers
http://amzn.com/B00HFW9KZM;Neil Enterprises, Inc.
http://amzn.com/B00HGAMJ9C;Sealike
http://amzn.com/B00HH0FXIU;EVRAN
http://amzn.com/B00HMY9MSS;CRAZY4BARGAINS?
http://amzn.com/B00HOVN8Q6;Doc & Lill
http://amzn.com/B00HR2ASHY;Slumber-Roo Ltd
http://amzn.com/B00HSVCYEO;Bigsavings
http://amzn.com/B00HT6DRYO;Elizabeths Embellishments
http://amzn.com/B00HTVGFXO;Finn + Emma
http://amzn.com/B00HVB7VEO;bnp enterprises inc
http://amzn.com/B00HYH55M0;Not-Just-Shabby
http://amzn.com/B00HYN2IFQ;Shiny Happy Shop
http://amzn.com/B00HZO6SSW;B & B Collectibles
http://amzn.com/B00I2VW1D8;e-XCEPTIONAL SALES
http://amzn.com/B00I2XNEA0;JD PowerSellers
http://amzn.com/B00I4F8WU8;Simply Everything For You
http://amzn.com/B00I95W1M8;CHAT and VISION
http://amzn.com/B00IAIXNKI;Buy Quik-Ship Quik
http://amzn.com/B00IDF5HPM;KL Deals, Inc.
http://amzn.com/B00IDUVSQY;Drummer042
http://amzn.com/B00IE4B0NK;ToysAndTreasures
http://amzn.com/B00IEEQ206;Right Choice Bedding
http://amzn.com/B00IM5TTES;Girl Shop
http://amzn.com/B00IR4F2R2;Misha Industries
http://amzn.com/B00IW89VQQ;HolidaysMyWay
http://amzn.com/B00IXMJX4G;Gift Trends
http://amzn.com/B00IYSTWC2;Blue Glass Notions
http://amzn.com/B00J5RXREA;seasonwide
http://amzn.com/B00JDWWINI;Lacer Performance
http://amzn.com/B00JER0Q9K;InSassy
http://amzn.com/B00JJI6EI6;baby tree
http://amzn.com/B00JLF9LM8;NorthShore Care Supply
http://amzn.com/B00JPKPFDI;La La B Boutique
http://amzn.com/B00JS7IY9A;American Premium Store
http://amzn.com/B00JS7JMNM;Derek's_Goods
http://amzn.com/B00JS7K5SI;Antelope Mountain Holdings, LLC
http://amzn.com/B00JSCMUD6;For Pete's Sake
http://amzn.com/B00JUN8WZI;eBus
http://amzn.com/B00JV1FZZ4;Shirleys' Spot
http://amzn.com/B00K23PK0U;PTP Flash Deals
http://amzn.com/B00K25OHQQ;!!!!!NO MERCHANT INFO
http://amzn.com/B00K7JHYMG;Brightview Home
http://amzn.com/B00KK870SW;BUY RIGHT
http://amzn.com/B00KLBD9Z6;sushka
http://amzn.com/B00KNZX8F6;Combat Daddy Equipment
http://amzn.com/B00KSHMZN0;JVW Industries Corp
http://amzn.com/B00KVJBTP0;homebody2k
http://amzn.com/B00KVP526G;San Diego Bebe
http://amzn.com/B00KWT0TIW;The Healthy Cottage
http://amzn.com/B00KYDJMDO;Nutridone
http://amzn.com/B00KYIKFLM;tea party
http://amzn.com/B00KZE3ZP8;Web Market Deals
http://amzn.com/B00L2ARMKI;A Good Deal Better
http://amzn.com/B00L9IS8JM;Rae Star
http://amzn.com/B00LBEUMJ8;Sharp EDC
http://amzn.com/B00LIN4MDO;Baby Cargo
http://amzn.com/B00LNH3XMQ;BB World Global
http://amzn.com/B00LNH3ZD8;Charndi
http://amzn.com/B00LQB0EYO;Rossome Products
http://amzn.com/B00LS8CMFY;Babies Bratz and Beyond
http://amzn.com/B00LT85AP2;rainbowriffic
http://amzn.com/B00LUGGRXM;FlancrestBooks
http://amzn.com/B00LVM3UHQ;Estella, Designed For Children
http://amzn.com/B00LWS696S;Hold Me Close
http://amzn.com/B00LWXVRGA;coolpanda
http://amzn.com/B00M2J5OJO;24/7 Market
http://amzn.com/B00M32IYME;DIY JYM
http://amzn.com/B00M8A0THO;By 3 Threads
http://amzn.com/B00MFBP78M;Crazy Daisy's Discount Emporium
http://amzn.com/B00MGXTZH8;SeasideBargains
http://amzn.com/B00MJ3Z3YO;VBCSales, LLC
http://amzn.com/B00MJ870QS;ReBL LLC
http://amzn.com/B00MK6INH4;5 Toys
http://amzn.com/B00MK6LH5Y;Toy Ranch
http://amzn.com/B00MMWJQRC;better-home
http://amzn.com/B00MMWRLEW;CozyBath
http://amzn.com/B00MNADJU8;B. A. I.
http://amzn.com/B00MQ1TXVI;SinisterGolf
http://amzn.com/B00MROBK6U;Frontier Devices
http://amzn.com/B00MVFLYKM;Elegance Diaper
http://amzn.com/B00MVMA8SO;takumi kuribayashi US
http://amzn.com/B00N1UW6E4;Burv's Goods
http://amzn.com/B00N5811AW;Nature's Grace
http://amzn.com/B00N5W8NQS;$Sell4Less
http://amzn.com/B00N5YCT5W;Perfect Soccer / AMARIKWA
http://amzn.com/B00ND8LYLA;Aintree.Emporium
http://amzn.com/B00NDYX43A;TheNewMall
http://amzn.com/B00NLMSG3C;MSO Store
http://amzn.com/B00NNXNDKU;The Toy Ninja
http://amzn.com/B00NOQVE02;GlobalSalesForce
http://amzn.com/B00NQCITRK;Planet Stuff
http://amzn.com/B00NUD37N6;All Priced 2 Sell
http://amzn.com/B00NX5JCBC;PlumStruck
http://amzn.com/B00O5FUC4A;GUMEEZ TEETHING PRODUCTS
http://amzn.com/B00O6EAXFS;Jermar Sales
http://amzn.com/B00O7YUG18;Gameday Galaxy
http://amzn.com/B00O9MX8T0;Emperor of Gadgets
http://amzn.com/B00OCIF98Y;iLifeTech
http://amzn.com/B00OGUYUW4;from Germany
http://amzn.com/B00ONF5P26;Imaginary Kids
http://amzn.com/B00OQRLV9C;GOODIES FOR KIDDIES
http://amzn.com/B00ORP58SS;EUBUY
http://amzn.com/B00P59G910;KMR Logistics
http://amzn.com/B00P6MWFMS;Mommy Gear Inc.
http://amzn.com/B00P6PIS12;Kidsland
http://amzn.com/B00P8FDQNU;Retinal Delights
http://amzn.com/B00P90JP70;SISTER SELECTED
http://amzn.com/B00PEVES6C;FunBites
http://amzn.com/B00PFBVOJ0;EcoHipProducts
http://amzn.com/B00PFNM8NO;Chit Chat Group
http://amzn.com/B00PGC0VIS;jake sales
http://amzn.com/B00PHIOHR2;Green Breeze Imports
http://amzn.com/B00PHWOOLC;HI-STYLE
http://amzn.com/B00PI0J7YC;MeagaDeal
http://amzn.com/B00PK55I0C;ilovebaby
http://amzn.com/B00PQRE9DG;LaCasaB
http://amzn.com/B00PQXA4HU;Bois Blanc Supply
http://amzn.com/B00PS5VCN6;Blue Trio Trading
http://amzn.com/B00PSOX92Y;allendes15
http://amzn.com/B00PSWEX3U;Caney Branch Path
http://amzn.com/B00PZ2BKU2;Quality Retail Outlet
http://amzn.com/B00Q246D86;whatisinthemail
http://amzn.com/B00Q4ZWTH2;Cornerstone Gifts
http://amzn.com/B00QHECCHM;USA Warehouses
http://amzn.com/B00QIZESSQ;Best Baby Products for You
http://amzn.com/B00QLL3GIK;Foxies
http://amzn.com/B00R4Q784E;emedved
http://amzn.com/B00R7Q2XKU;Style Spectrum
http://amzn.com/B00RARVZWI;GMD decals
http://amzn.com/B00RAV3YH8;We Share Deals
http://amzn.com/B00RMNC8L2;THE Boutique
http://amzn.com/B00RPOYHDK;CostBuy
http://amzn.com/B00RQQMS42;Buccabella
http://amzn.com/B00RVQ9SXQ;AbbeyPartsPlus
http://amzn.com/B00RZZF99A;Melris Trends
http://amzn.com/B00S3R57FK;H&S Sales
http://amzn.com/B00S8RSJS2;Boba Inc. (USA)
http://amzn.com/B00SI5XF4W;AbsoluteBestValues
http://amzn.com/B00SQG6RK2;JEIRLES WHOLESALE
http://amzn.com/B00SV5DQPW;E-Most
http://amzn.com/B00SZ68MPG;LD Shops
http://amzn.com/B00T2F0POK;Green MyHome
http://amzn.com/B00T5AZWOA;We Got It Shop
http://amzn.com/B00T9H0GJ0;DAZONE ShoppingMall
http://amzn.com/B00TEAPYUS;Babies & Things
http://amzn.com/B00TGAVX3I;GOaGO
http://amzn.com/B00TMB03J6;Randy Rae Retail
http://amzn.com/B00TOO5EUY;Crossroad Consignments & More
http://amzn.com/B00TOOVMHS;Consider It Maid
http://amzn.com/B00TR6P8X2;Perella's
http://amzn.com/B00TS0R17S;Prodotto
http://amzn.com/B00TUG0FF0;Honeysuckle Products - TNBC
http://amzn.com/B00U42X90W;customers 1st
http://amzn.com/B00U5OBOVK;Cotton Flower Baby
http://amzn.com/B00U6AY55U;Mark of 5 ave
http://amzn.com/B00UCL5IMW;Shop Mega Brands
http://amzn.com/B00UGAXU3S;Growth Chart Art
http://amzn.com/B00UH9T8I4;GLAND
http://amzn.com/B00UI04BWU;Chewbeads
http://amzn.com/B00ULQL796;Sweet Like Suco
http://amzn.com/B00UODT1JY;Homeproduct.Good
http://amzn.com/B00UR02NY4;Blue Ocean Supplies
http://amzn.com/B00UUQCTLW;Rover Mall
http://amzn.com/B00UX0P2UA;CB Select
http://amzn.com/B00V479LVC;SMARTLED
http://amzn.com/B00V5JKKMI;Tech Vendor
http://amzn.com/B00V6FEEWS;worth2buy
http://amzn.com/B00VA4W3B4;Girafus Technologies
http://amzn.com/B00VBSI8XQ;Fentac
http://amzn.com/B00VH89G54;Daily Deals
http://amzn.com/B00VIH8IXK;ShoponCenterhill
http://amzn.com/B00VKPWETE;TanomHigh
http://amzn.com/B00VNCMS5O;Myriad of Books And Things
http://amzn.com/B00VQ58CV2;Foryee-US
http://amzn.com/B00VQP1VP6;mizthrifty
http://amzn.com/B00VRZ56UG;qproducts
http://amzn.com/B00VU3XSQY;3 8's
http://amzn.com/B00VXJ2CIK;Sweetbottoms Boutique
http://amzn.com/B00W2A7450;The Want Knott Store
http://amzn.com/B00W8EVQWW;mnpicker79
http://amzn.com/B00W9I0NBC;EC Vision
http://amzn.com/B00WGZQCE0;Charlotte Morgan Store
http://amzn.com/B00WJPSHCM;CharmingHome
http://amzn.com/B00WMVJQGY;Jenzys
http://amzn.com/B00WMZ9A9I;Glorich US
http://amzn.com/B00WOKALW6;Thanks Mama
http://amzn.com/B00WPA4FOK;veterans pharmacy
http://amzn.com/B00WSU9HIG;sudapapa
http://amzn.com/B00X53G7VK;Home Verve
http://amzn.com/B00XGLY9Z2;unoomi international
http://amzn.com/B00XHMBYTO;Mekka
http://amzn.com/B00XJYKH6G;MPress Workshop
http://amzn.com/B00XNRMKLO;CRAZZIE
http://amzn.com/B00XUCC26K;Excelity
http://amzn.com/B00XX0HSF4;CozyCorner`
http://amzn.com/B00XYYXE3Y;Lucy's Lovely Things
http://amzn.com/B00Y0L3RFA;Hynes Eagle
http://amzn.com/B00Y0MNX8K;iNeibo
http://amzn.com/B00Y471H70;ANB BABY
http://amzn.com/B00Y876BCM;Collager
http://amzn.com/B00Y98R4BM;TNT-Visionary
http://amzn.com/B00YANZKDA;lovelykhanittha
http://amzn.com/B00YCLIXBG;Cleo Classic Designs, LLC
http://amzn.com/B00YFH13OQ;Oak Hill Co.
http://amzn.com/B00YUCE16I;Five Baby_Nuoyi
http://amzn.com/B00YY24YHA;Dalpong
http://amzn.com/B00Z63W01S;Turnpike's Store
http://amzn.com/B00ZROS9XO;Amira Tal
http://amzn.com/B00ZVCM7GC;best prices ever
http://amzn.com/B00ZW8GA36;FocuSun
http://amzn.com/B00ZZCCN1M;eastchina
http://amzn.com/B0103WYRV2;KADIWOW
http://amzn.com/B01062L3TS;P&G DEALS
http://amzn.com/B010GLPY8U;Lovelylittleseller
http://amzn.com/B010H4N76W;PastorJane
http://amzn.com/B010HZ3XC4;Fox & Finn
http://amzn.com/B010KYE06A;Cool Fun Collectibles
http://amzn.com/B010MWP0CI;ithuriel jewelry
http://amzn.com/B010OSUWYQ;J Enterprises
http://amzn.com/B010SJLWSQ;otuletus
http://amzn.com/B010VAEOVE;Toy Train Inc
http://amzn.com/B010W7VGX0;Bazzle_Baby
http://amzn.com/B0112QD7U0;Courtland Books & More
http://amzn.com/B0118B7NGS;Real Innovators
http://amzn.com/B011ISSO8W;STELLAR WAY
http://amzn.com/B011LOYVVW;Baby Mushroom LLC
http://amzn.com/B011MM59TG;JustDecors
http://amzn.com/B011T2P3RM;My World Images
http://amzn.com/B011U2I148;D-FantiX
http://amzn.com/B011WV6VYY;kunkunchunchun
http://amzn.com/B0125R25GM;Busy Bambino
http://amzn.com/B0126BAU4G;Elmore Publishing
http://amzn.com/B0126YKJBC;Superb Shopper
http://amzn.com/B012ABXHHO;Washington Blvd Sales
http://amzn.com/B012BPESKY;aden + anais
http://amzn.com/B012HSSTJQ;Piper LaRue
http://amzn.com/B012VUZGM8;More4Less4U
http://amzn.com/B012W6AAU4;Pick-N-Save!
http://amzn.com/B0131KD2JQ;C&KShoppe
http://amzn.com/B0134KDOAA;moresolarlights
http://amzn.com/B01356GXL0;KD Meyer
http://amzn.com/B013CNL1YK;MCK Dreams
http://amzn.com/B013E84A5A;SellingCarter
http://amzn.com/B013F5PSIU;Comfort Silkie
http://amzn.com/B013FA6HG2;Urgent Banana
http://amzn.com/B013H2TVKM;Multi Shop
http://amzn.com/B013IO8LQ4;DealGenius
http://amzn.com/B013IQRFQ4;HH Inc
http://amzn.com/B013KUMDFQ;Lavieenrose
http://amzn.com/B013QB9CD0;VVhome
http://amzn.com/B013R0L1F2;TANGDA
http://amzn.com/B013SY7NFO;uxcell
http://amzn.com/B013SYOWEY;Echolife
http://amzn.com/B013T6B3MA;Covenov
http://amzn.com/B013TNSGGY;Best Baby Shower, Inc.
http://amzn.com/B013VS644S;BNR Brands
http://amzn.com/B013W6EP0Y;Tree Of Life Retail
http://amzn.com/B013XRW1DA;Sales-Link
http://amzn.com/B013XVV6DW;Jessica annie
http://amzn.com/B0140IZ25U;Hi 9 Shop
http://amzn.com/B0144G7SM8;Getten
http://amzn.com/B0145PVQE4;Swift Shipping
http://amzn.com/B01460LY68;Baubles, Bows & Frog Toes
http://amzn.com/B01465UKFO;Gudie's Antiques and Collectibles
http://amzn.com/B0146MTIQE;TopBrandBOXUS
http://amzn.com/B01488GPG2;Maddux Designs
http://amzn.com/B0149ORW9Y;GetRosa
http://amzn.com/B014GJPROE;HZONE
http://amzn.com/B014LSKSXA;Sport up USA
http://amzn.com/B014N2TWHW;Cool Kids HQ
http://amzn.com/B014PW61A6;Planet Wise
http://amzn.com/B014QLPWJ2;Koson-Man
http://amzn.com/B014RJ31BE;CloseoutZone
http://amzn.com/B014V8EFTI;A-Perfect-Day
http://amzn.com/B014VJQVJE;CA Frames
http://amzn.com/B01528D5KQ;CS Prime Marketplace
http://amzn.com/B0153RAMFW;ElecMotive
http://amzn.com/B0153TVT3E;Susan's Fabulous Finds
http://amzn.com/B0155FZF22;Yummy Babies
http://amzn.com/B0156AQJ08;EAGLE FORCE
http://amzn.com/B0157874VM;BUTTONHOOK'S
http://amzn.com/B01578DAIS;Twinklebelle Design
http://amzn.com/B0158QNTA8;Outlander Toys
http://amzn.com/B0158ZKDQW;Jaysons
http://amzn.com/B0159CNNCA;JLEnterprise1960
http://amzn.com/B015DUNFG2;Esum Electronic
http://amzn.com/B015FFS3DK;YIGOU
http://amzn.com/B015FKI23Q;FeelGlad
http://amzn.com/B015GBGTH0;WDW Collectibles
http://amzn.com/B015NBJ7Q8;A Fabulous Deal
http://amzn.com/B015O7ASZK;DreamHank
http://amzn.com/B015P7ROPG;Natural Family Shop
http://amzn.com/B015QFWWB8;Donald Verger Photography
http://amzn.com/B015SEBREK;KosoxDirect
http://amzn.com/B015SRRRT6;Damai
http://amzn.com/B015Z1B764;DuaFire
http://amzn.com/B01603UOTW;HeathDepot
http://amzn.com/B01604PP90;Zebragogo
http://amzn.com/B0161VFU42;Clarity & Muse Retail
http://amzn.com/B0167VH4GS;Dland-USA
http://amzn.com/B016C0F2LS;RHO Products
http://amzn.com/B016C0FA1A;Bright Dog Inspirations
http://amzn.com/B016GOZS9G;Q Global
http://amzn.com/B016IQRI22;Xystis
http://amzn.com/B016IQSF4M;NIKwholesale
http://amzn.com/B016N4OUUC;SMBDN
http://amzn.com/B016NT2874;MioCloth
http://amzn.com/B016P1E7CY;DBG Worldwide
http://amzn.com/B016QPTFY4;AccessoWear
http://amzn.com/B016THJ01C;ElfinBaby
http://amzn.com/B016WX0NQ4;thePruneDanish
http://amzn.com/B016XRWDJ4;ANBER
http://amzn.com/B016YWYFJ4;HighQuality Store
http://amzn.com/B01702WPB2;Gommy Shop
http://amzn.com/B0170TDTH4;Ma Ti Ama
http://amzn.com/B01717OHKI;Barrantyne (BMG)
http://amzn.com/B0171BL5U4;Cocoly
http://amzn.com/B0172706RU;goldeneagleproducts
http://amzn.com/B01741LSE4;Sunrise Shopper
http://amzn.com/B0174TV2GU;7apm
http://amzn.com/B0176KI7FQ;Perfect Choice2
http://amzn.com/B01784PK5U;City3rdLife
http://amzn.com/B0179S510E;Coolplay shop
http://amzn.com/B017BYV5XS;S.A.V.E., Inc.
http://amzn.com/B017D7EM9M;mase suo
http://amzn.com/B017HR3HTE;Santa's Fat Elf.
http://amzn.com/B017JA27HM;Sandbox Lane
http://amzn.com/B017MS9GTI;One Stormy Guy
http://amzn.com/B017O34448;BuyerCenter
http://amzn.com/B017QDDDDO;CottonTex
http://amzn.com/B017QGEVQE;Wittle
http://amzn.com/B017SJC1MU;FiveBull
http://amzn.com/B017T4QEGI;SevenTop
http://amzn.com/B017TAWGV4;Green Frog Baby
http://amzn.com/B017TMOEIK;Lotzie
http://amzn.com/B017TVYY18;DEEYEE
http://amzn.com/B017VYH57S;MC-POWER
http://amzn.com/B017WTRF22;Doodoo Diaper Bag Dispenser
http://amzn.com/B017YFROH0;Super Saver Warehouse
http://amzn.com/B0181K7EOU;Karma Distribution
http://amzn.com/B0184NB616;Aristan Group
http://amzn.com/B0184UXPOU;Dibro Brands
http://amzn.com/B018508KXU;Holiberty
http://amzn.com/B0186EFMF4;Parent Faves
http://amzn.com/B018AT5WAK;SouthRiver
http://amzn.com/B018FR63F0;ChoiceToysUS
http://amzn.com/B018GKT9ZW;EZL Direct
http://amzn.com/B018PQ49J8;Deeorganics
http://amzn.com/B018U3DF96;GeekDigg
http://amzn.com/B018U3FY1I;Goocool
http://amzn.com/B018VUIK02;The Lowe Shack
http://amzn.com/B018XLQOF2;Happy Decor
http://amzn.com/B018YE6IHC;Mile-High Treasures, LLC
http://amzn.com/B018Z4SK0O;NO:1
http://amzn.com/B018Z7R2DM;chris rao
http://amzn.com/B018ZSIVEU;JUDSIL
http://amzn.com/B018ZVIZXY;DockATot
http://amzn.com/B01917Y37I;Ultimate Bargains
http://amzn.com/B01922RZ7W;FCTRY
http://amzn.com/B0192NM3BO;Ibeauti
http://amzn.com/B0194LWOTK;KMKB Online Sales
http://amzn.com/B0194M5QJY;Abbyz Attic
http://amzn.com/B0194MA36U;LegacyEnterprise
http://amzn.com/B0197EXY1G;The Snug Bug
http://amzn.com/B01988XNTO;The Giraffe's Stache, LLC
http://amzn.com/B0198D2LN8;Mami-Kitchenware
http://amzn.com/B019EMKY32;TopMite
http://amzn.com/B019GTP6EK;Best Party Dress
http://amzn.com/B019H8ZOU6;CrazyLittleDeals
http://amzn.com/B019JD3Q8Q;Azure Sky American Trading Company LLC
http://amzn.com/B019TYC1IQ;GL-SAIL(US)
http://amzn.com/B019WTS268;Wellness Shoppe
http://amzn.com/B019XIFZPO;Dualshine
http://amzn.com/B019XM62J8;4 Seasons Distribution
http://amzn.com/B01A0TR3KU;Rainbow Trade(HK) Co.,Ltd
http://amzn.com/B01A5G4WIO;Jakpopin
http://amzn.com/B01AF5DP74;Dignovel Studios
http://amzn.com/B01AILYUO2;The Awesome Online Shop
http://amzn.com/B01AIT99LI;NY Discounts
http://amzn.com/B01AJP7EVS;Zhong Cheng electronics
http://amzn.com/B01ALGFUV6;Happy E-Shop
http://amzn.com/B01AMP3GGM;horseofcourse444
http://amzn.com/B01ARJQUCA;avinu
http://amzn.com/B01AUKWMP0;DOMIRE
http://amzn.com/B01AVF5L2A;Jetty Home
http://amzn.com/B01B0PZJJA;Hodge Podge Garage
http://amzn.com/B01B1WK27Q;babySNAZZ
http://amzn.com/B01B2OOGAC;B LINE SUPPLY
http://amzn.com/B01B4T1EH8;VT Online Trade
http://amzn.com/B01B6EN2NA;HappyPlayful
http://amzn.com/B01BBBSQO8;Hi-Sprout
http://amzn.com/B01BHBJ74K;Teena Beena Luvs To Sell
http://amzn.com/B01BHCBHI8;Hays AR
http://amzn.com/B01BIEN0BW;Rice Enterprises
http://amzn.com/B01BKTUM48;Rocky Fashion
http://amzn.com/B01BM65IGQ;The Velvet Turtle
http://amzn.com/B01BQ24KUG;DreamsbyMariana
http://amzn.com/B01BUKT30G;JMREnterprises
http://amzn.com/B01BWBH396;ExportX Exclusives
http://amzn.com/B01BWC8D9E;USLUCK STORE
http://amzn.com/B01BZ5X04G;LivingitShop
http://amzn.com/B01C6MO5GO;Mabel Bean & Co
http://amzn.com/B01CCZI78M;Fairy-Star
http://amzn.com/B01CEQMJ2O;Bugs-n-Blooms
http://amzn.com/B01CF1EMU0;LBC Industries
http://amzn.com/B01CI1XE74;GreenForest Home
http://amzn.com/B01CP97PLA;Hearts and Minds Global
http://amzn.com/B01CQR1DK0;eyourgifts
http://amzn.com/B01CSE48AS;RNyourhome
http://amzn.com/B01CY801PY;Here Fashion
http://amzn.com/B01CZDX3CQ;Giwox USA
http://amzn.com/B01CZYGDWC;WelLifes
http://amzn.com/B01D85JTY6;Pulsee
http://amzn.com/B01D8UPXIW;Evelyn Bamboo
http://amzn.com/B01DKDL9DK;kangaroobaby
http://amzn.com/B01DMJHZVW;BASE4
http://amzn.com/B01DUEMZ6E;Wanna Dogood
http://amzn.com/B01DW249BS;davyzhao
http://amzn.com/B01DWFITMU;KidsStuff.com: Perfectly Safe & Natural Baby Home
http://amzn.com/B01DXDGP2C;Gvess-US
http://amzn.com/B01DXFD23U;USA COLROVIE
http://amzn.com/B01E1P75PM;brickferret
http://amzn.com/B01E2EXFBA;HillaryWIG
http://amzn.com/B01E7CW1UI;HappyBB
http://amzn.com/B01EGJIL7Y;Super Undies
http://amzn.com/B01EKEFS62;Rodaruus
http://amzn.com/B01EMJG9XQ;Creaker
http://amzn.com/B01EP9XC7Y;Straight Edge Innovations
http://amzn.com/B01EVHLASS;ThriftyTata
http://amzn.com/B01EZ4BM1W;Itybity
